{"metadata":{"asset_id":"29b3c681-cb61-46f9-816d-cbcc1cb8b2c1","asset_attributes":["notebook"],"name":"Data Collection API","asset_type":"notebook","created_at":"2022-11-17T06:29:09Z","description":"","origin_country":"us","owner_id":"IBMid-6680001VZC","project_id":"1db8c2ed-4304-4dcf-898d-ddbd2f069dcb","size":502377,"tags":["notebook"],"usage":{"last_update_time":1668667370707,"last_updated_at":"2022-11-17T06:42:50Z"}},"entity":{"notebook":{"kernel":{"name":"python3","display_name":"Python 3.9","language":"python"},"originates_from":{"type":"blank"},"runtime":{"environment":"conda2rt221-1db8c2ed-4304-4dcf-898d-ddbd2f069dcb"}}},"attachments":[{"id":"5e5cc422-1c30-464f-ab54-bc7fdc4cd3dd","version":2,"asset_type":"notebook","name":"attachment for notebook 29b3c681-cb61-46f9-816d-cbcc1cb8b2c1","description":"attachment for notebook 29b3c681-cb61-46f9-816d-cbcc1cb8b2c1","mime":"application/json","datasource_type":"193a97c1-4475-4a19-b90c-295c4fdc6517","object_key":"notebook/Data_Collection_API_Kqot-tQ5I.ipynb","creator_id":"IBMid-6680001VZC","create_time":1668666549979,"size":502377,"is_remote":false,"is_managed":false,"is_referenced":true,"is_object_key_read_only":false,"is_user_provided_path_key":true,"transfer_complete":true,"is_partitioned":false,"complete_time_ticks":1668666549979,"user_data":{},"test_doc":0,"handle":{"bucket":"datascienceproject-donotdelete-pr-t4pjnqvmh1flww","location":"ap-geo","type":"bluemix_cos","key":"notebook/Data_Collection_API_Kqot-tQ5I.ipynb","upload_id":"done","max_part_num":1},"usage":{"access_count":7,"last_accessor_id":"IBMid-6680001VZC","last_access_time":1668667365979,"last_updater_id":"IBMid-6680001VZC","last_update_time":1668667365979}}]}
