{"metadata":{"asset_id":"e4042c99-4319-4742-9119-6098006e746f","asset_attributes":["notebook"],"name":"Interactive Visual Analytics with Folium","asset_type":"notebook","created_at":"2022-12-01T15:08:54Z","description":"","origin_country":"us","owner_id":"IBMid-6680001VZC","project_id":"1db8c2ed-4304-4dcf-898d-ddbd2f069dcb","size":59125,"tags":["notebook"],"usage":{"last_update_time":1670705804073,"last_updated_at":"2022-12-10T20:56:44Z"}},"entity":{"notebook":{"kernel":{"name":"python3","display_name":"Python 3.9","language":"python"},"originates_from":{"type":"blank"},"runtime":{"environment":"conda2rt221-1db8c2ed-4304-4dcf-898d-ddbd2f069dcb"}}},"attachments":[{"id":"009873ff-0103-4711-8cab-058693fedf62","version":2,"asset_type":"notebook","name":"attachment for notebook e4042c99-4319-4742-9119-6098006e746f","description":"attachment for notebook e4042c99-4319-4742-9119-6098006e746f","mime":"application/json","datasource_type":"193a97c1-4475-4a19-b90c-295c4fdc6517","object_key":"notebook/Interactive_Visual_Analytics_with_Folium_WWWxtF8Py.ipynb","creator_id":"IBMid-6680001VZC","create_time":1669907335625,"size":59125,"is_remote":false,"is_managed":false,"is_referenced":true,"is_object_key_read_only":false,"is_user_provided_path_key":true,"transfer_complete":true,"is_partitioned":false,"complete_time_ticks":1669907335625,"user_data":{},"test_doc":0,"handle":{"bucket":"datascienceproject-donotdelete-pr-t4pjnqvmh1flww","location":"ap-geo","type":"bluemix_cos","key":"notebook/Interactive_Visual_Analytics_with_Folium_WWWxtF8Py.ipynb","upload_id":"done","max_part_num":1},"usage":{"access_count":11,"last_accessor_id":"IBMid-6680001VZC","last_access_time":1670705804070,"last_updater_id":"IBMid-6680001VZC","last_update_time":1670705804070}}]}
