{"metadata":{"asset_id":"b137213f-7400-493a-be49-f89ac1fce69b","asset_attributes":["notebook"],"name":"EDA","asset_type":"notebook","created_at":"2022-11-17T07:13:45Z","description":"","origin_country":"us","owner_id":"IBMid-6680001VZC","project_id":"1db8c2ed-4304-4dcf-898d-ddbd2f069dcb","size":33621,"tags":["notebook"],"usage":{"last_update_time":1668669727743,"last_updated_at":"2022-11-17T07:22:07Z"}},"entity":{"notebook":{"kernel":{"name":"python3","display_name":"Python 3.9","language":"python"},"originates_from":{"type":"blank"},"runtime":{"environment":"conda2rt221-1db8c2ed-4304-4dcf-898d-ddbd2f069dcb"}}},"attachments":[{"id":"212110e8-4ce6-4fd9-a3ce-6341f33b5882","version":2,"asset_type":"notebook","name":"attachment for notebook b137213f-7400-493a-be49-f89ac1fce69b","description":"attachment for notebook b137213f-7400-493a-be49-f89ac1fce69b","mime":"application/json","datasource_type":"193a97c1-4475-4a19-b90c-295c4fdc6517","object_key":"notebook/EDA_ykGyzGYQH.ipynb","creator_id":"IBMid-6680001VZC","create_time":1668669226513,"size":33621,"is_remote":false,"is_managed":false,"is_referenced":true,"is_object_key_read_only":false,"is_user_provided_path_key":true,"transfer_complete":true,"is_partitioned":false,"complete_time_ticks":1668669226513,"user_data":{},"test_doc":0,"handle":{"bucket":"datascienceproject-donotdelete-pr-t4pjnqvmh1flww","location":"ap-geo","type":"bluemix_cos","key":"notebook/EDA_ykGyzGYQH.ipynb","upload_id":"done","max_part_num":1},"usage":{"access_count":4,"last_accessor_id":"IBMid-6680001VZC","last_access_time":1668669719941,"last_updater_id":"IBMid-6680001VZC","last_update_time":1668669719941}}]}
