{"metadata":{"asset_id":"feef280e-faf8-42eb-a462-4d4bb7ef9f90","asset_attributes":["notebook"],"name":"EDA with Data Visualization","asset_type":"notebook","created_at":"2022-12-01T14:28:57Z","description":"","origin_country":"us","owner_id":"IBMid-6680001VZC","project_id":"1db8c2ed-4304-4dcf-898d-ddbd2f069dcb","size":179322,"tags":["notebook"],"usage":{"last_update_time":1669906869987,"last_updated_at":"2022-12-01T15:01:09Z"}},"entity":{"notebook":{"kernel":{"name":"python3","display_name":"Python 3.9","language":"python"},"originates_from":{"type":"blank"},"runtime":{"environment":"conda2rt221-1db8c2ed-4304-4dcf-898d-ddbd2f069dcb"}}},"attachments":[{"id":"1c1c155f-3aa3-4600-803c-74ff71d12414","version":2,"asset_type":"notebook","name":"attachment for notebook feef280e-faf8-42eb-a462-4d4bb7ef9f90","description":"attachment for notebook feef280e-faf8-42eb-a462-4d4bb7ef9f90","mime":"application/json","datasource_type":"193a97c1-4475-4a19-b90c-295c4fdc6517","object_key":"notebook/EDA_with_Data_Visualization_pxLl1HbUZ.ipynb","creator_id":"IBMid-6680001VZC","create_time":1669904939219,"size":179322,"is_remote":false,"is_managed":false,"is_referenced":true,"is_object_key_read_only":false,"is_user_provided_path_key":true,"transfer_complete":true,"is_partitioned":false,"complete_time_ticks":1669904939219,"user_data":{},"test_doc":0,"handle":{"bucket":"datascienceproject-donotdelete-pr-t4pjnqvmh1flww","location":"ap-geo","type":"bluemix_cos","key":"notebook/EDA_with_Data_Visualization_pxLl1HbUZ.ipynb","upload_id":"done","max_part_num":1},"usage":{"access_count":10,"last_accessor_id":"IBMid-6680001VZC","last_access_time":1669906869985,"last_updater_id":"IBMid-6680001VZC","last_update_time":1669906869985}}]}
