{"metadata":{"asset_id":"d4635842-45ab-4855-ab87-374ca17549bc","asset_attributes":["notebook"],"name":"EDA with SQL","asset_type":"notebook","created_at":"2022-12-06T14:06:44Z","description":"","origin_country":"us","owner_id":"IBMid-6680001VZC","project_id":"1db8c2ed-4304-4dcf-898d-ddbd2f069dcb","size":27837,"tags":["notebook"],"usage":{"last_update_time":1670704727131,"last_updated_at":"2022-12-10T20:38:47Z"}},"entity":{"notebook":{"kernel":{"name":"python3","display_name":"Python 3.9","language":"python"},"originates_from":{"type":"blank"},"runtime":{"environment":"conda2rt221-1db8c2ed-4304-4dcf-898d-ddbd2f069dcb"}}},"attachments":[{"id":"87a9167a-761b-42f7-971a-e90ef6196232","version":2,"asset_type":"notebook","name":"attachment for notebook d4635842-45ab-4855-ab87-374ca17549bc","description":"attachment for notebook d4635842-45ab-4855-ab87-374ca17549bc","mime":"application/json","datasource_type":"193a97c1-4475-4a19-b90c-295c4fdc6517","object_key":"notebook/EDA_with_SQL_SVeOaLBly.ipynb","creator_id":"IBMid-6680001VZC","create_time":1670335605113,"size":27837,"is_remote":false,"is_managed":false,"is_referenced":true,"is_object_key_read_only":false,"is_user_provided_path_key":true,"transfer_complete":true,"is_partitioned":false,"complete_time_ticks":1670335605113,"user_data":{},"test_doc":0,"handle":{"bucket":"datascienceproject-donotdelete-pr-t4pjnqvmh1flww","location":"ap-geo","type":"bluemix_cos","key":"notebook/EDA_with_SQL_SVeOaLBly.ipynb","upload_id":"done","max_part_num":1},"usage":{"access_count":33,"last_accessor_id":"IBMid-6680001VZC","last_access_time":1670704717563,"last_updater_id":"IBMid-6680001VZC","last_update_time":1670704717563}}]}
