{"metadata":{"asset_id":"9d9cb9ba-1948-40bb-b0f1-b88cecfcf39c","asset_attributes":["notebook"],"name":"Machine Learning Prediction","asset_type":"notebook","created_at":"2022-12-02T07:12:43Z","description":"","origin_country":"us","owner_id":"IBMid-6680001VZC","project_id":"1db8c2ed-4304-4dcf-898d-ddbd2f069dcb","size":87689,"tags":["notebook"],"usage":{"last_update_time":1669965708903,"last_updated_at":"2022-12-02T07:21:48Z"}},"entity":{"notebook":{"kernel":{"name":"python3","display_name":"Python 3.9","language":"python"},"originates_from":{"type":"blank"},"runtime":{"environment":"conda2rt221-1db8c2ed-4304-4dcf-898d-ddbd2f069dcb"}}},"attachments":[{"id":"d6f426f4-5fa1-453a-9b2d-306d1a9086d7","version":2,"asset_type":"notebook","name":"attachment for notebook 9d9cb9ba-1948-40bb-b0f1-b88cecfcf39c","description":"attachment for notebook 9d9cb9ba-1948-40bb-b0f1-b88cecfcf39c","mime":"application/json","datasource_type":"193a97c1-4475-4a19-b90c-295c4fdc6517","object_key":"notebook/Machine_Learning_Prediction_GTsI4UO7g.ipynb","creator_id":"IBMid-6680001VZC","create_time":1669965165160,"size":87689,"is_remote":false,"is_managed":false,"is_referenced":true,"is_object_key_read_only":false,"is_user_provided_path_key":true,"transfer_complete":true,"is_partitioned":false,"complete_time_ticks":1669965165160,"user_data":{},"test_doc":0,"handle":{"bucket":"datascienceproject-donotdelete-pr-t4pjnqvmh1flww","location":"ap-geo","type":"bluemix_cos","key":"notebook/Machine_Learning_Prediction_GTsI4UO7g.ipynb","upload_id":"done","max_part_num":1},"usage":{"access_count":4,"last_accessor_id":"IBMid-6680001VZC","last_access_time":1669965688006,"last_updater_id":"IBMid-6680001VZC","last_update_time":1669965688006}}]}
