{"metadata":{"asset_id":"2d62010e-7ce1-49f1-8b6b-4433e43b766c","asset_attributes":["notebook"],"name":"Data Collection with Web Scraping","asset_type":"notebook","created_at":"2022-11-17T06:44:33Z","description":"","origin_country":"us","owner_id":"IBMid-6680001VZC","project_id":"1db8c2ed-4304-4dcf-898d-ddbd2f069dcb","size":654525,"tags":["notebook"],"usage":{"last_update_time":1668668476402,"last_updated_at":"2022-11-17T07:01:16Z"}},"entity":{"notebook":{"kernel":{"name":"python3","display_name":"Python 3.9","language":"python"},"originates_from":{"type":"blank"},"runtime":{"environment":"conda2rt221-1db8c2ed-4304-4dcf-898d-ddbd2f069dcb"}}},"attachments":[{"id":"61b4646d-9b0a-43e9-8157-cc03f43f23f7","version":2,"asset_type":"notebook","name":"attachment for notebook 2d62010e-7ce1-49f1-8b6b-4433e43b766c","description":"attachment for notebook 2d62010e-7ce1-49f1-8b6b-4433e43b766c","mime":"application/json","datasource_type":"193a97c1-4475-4a19-b90c-295c4fdc6517","object_key":"notebook/Data_Collection_with_Web_Scraping_pTa61G2B9.ipynb","creator_id":"IBMid-6680001VZC","create_time":1668667473673,"size":654525,"is_remote":false,"is_managed":false,"is_referenced":true,"is_object_key_read_only":false,"is_user_provided_path_key":true,"transfer_complete":true,"is_partitioned":false,"complete_time_ticks":1668667473673,"user_data":{},"test_doc":0,"handle":{"bucket":"datascienceproject-donotdelete-pr-t4pjnqvmh1flww","location":"ap-geo","type":"bluemix_cos","key":"notebook/Data_Collection_with_Web_Scraping_pTa61G2B9.ipynb","upload_id":"done","max_part_num":1},"usage":{"access_count":8,"last_accessor_id":"IBMid-6680001VZC","last_access_time":1668668444245,"last_updater_id":"IBMid-6680001VZC","last_update_time":1668668444245}}]}
